dimension_id,dimension_name,author_source,source_context,source_type,year,raw_insight,normalized_category,source_id
1,Most Overlooked Factors,Dr. John Gottman,The Seven Principles for Making Marriage Work (14-Yr Longitudinal Lab),Academic Study,1999,"The single best predictor of marital longevity is not whether a couple fights, but how rapidly and effectively they make and accept repair attempts.",Conflict Repair Velocity & De-escalation Style,1
1,Most Overlooked Factors,Dr. Julie Schwartz Gottman,What Makes Love Last?,Academic Study,2012,Couples who survive decades have partners who lower their heart rates quickly after an adrenaline surge during dispute.,Conflict Repair Velocity & De-escalation Style,2
1,Most Overlooked Factors,Dr. Stan Tatkin,Wired for Love: Neurobiology of Attachment,Clinical Literature,2012,"Watch how she behaves right after an argument: does she move toward mutual regulation, or does she retreat into punitive isolation?",Conflict Repair Velocity & De-escalation Style,3
1,Most Overlooked Factors,Dr. Dan Wile,After the Honeymoon: How Conflict Can Improve Your Relationship,Clinical Literature,1993,Choosing a partner is choosing a set of unresolvable problems. What matters is if she can smile through the unsolvable ones.,Conflict Repair Velocity & De-escalation Style,4
1,Most Overlooked Factors,Dr. Howard Markman,Fighting for Your Marriage (PREP Project),Academic Study,2001,De-escalation ability in casual disputes predicted divorce probability 10 years later with over 80% accuracy.,Conflict Repair Velocity & De-escalation Style,5
1,Most Overlooked Factors,Dr. Scott Stanley,National Marriage Project: Commitment in Couples,Academic Study,2006,The overlooked factor is willingness to step down from righteous indignation for the sake of the marital team.,Conflict Repair Velocity & De-escalation Style,6
1,Most Overlooked Factors,Karl Pillemer,30 Lessons for Loving: Advice from the Cornell Marriage Project,Longitudinal Survey,2015,Overlooked: A woman who can say 'I was wrong' without feeling like her identity has been annihilated.,Conflict Repair Velocity & De-escalation Style,7
1,Most Overlooked Factors,Terry Real,Us: Getting Past You and Me,Clinical Literature,2022,Look for a woman who has psychological shiftability—the capacity to pivot from defensive knee-jerk to relational repair.,Conflict Repair Velocity & De-escalation Style,8
1,Most Overlooked Factors,AskMen Marital Retrospective Cohort,25-Year Marriage Retrospectives Survey,Retrospective Cohort,2019,I wish I paid attention to how long the sulking lasted. A bad mood that lasts 20 minutes is fine; a 3-day freeze-out destroys a soul.,Conflict Repair Velocity & De-escalation Style,9
1,Most Overlooked Factors,Dr. Harriet Lerner,The Dance of Anger: A Woman's Guide to Changing Intimate Relationships,Clinical Literature,1985,A woman's capacity to clarify her own anger without attacking the man's core dignity is the bedrock of marital safety.,Conflict Repair Velocity & De-escalation Style,10
1,Most Overlooked Factors,Dr. Sue Johnson,Hold Me Tight: Emotionally Focused Therapy,Clinical Literature,2008,The key overlooked signal is whether an argument ends with an embrace of reassurance or a wall of emotional detachment.,Conflict Repair Velocity & De-escalation Style,11
1,Most Overlooked Factors,Institute for Family Studies (IFS),Marital Resilience & Conflict Management Survey,Demographic Research,2021,Men in stable marriages report conflict resolution speed as far more consequential than shared political or religious alignment.,Conflict Repair Velocity & De-escalation Style,12
1,Most Overlooked Factors,Robert Waldinger & Marc Schulz,The Good Life: Harvard Study of Adult Development,Academic Study,2023,"Overlooked trait: How she handles low blood sugar, lost luggage, bad traffic, and three sleepless nights in a row.",Emotional Regulation Under Stress & Fatigue,13
1,Most Overlooked Factors,Dr. Frank Bradbury & Thomas Fincham,Cognitive Attribution Processes in Marital Interaction,Academic Study,1990,High stress inevitably reveals whether her default cognitive style turns hostile or remains grounded and rational.,Emotional Regulation Under Stress & Fatigue,14
1,Most Overlooked Factors,Reddit Long-Term Married Cohort,r/AskMenOver40 Cohort Analysis (15+ Yr Marriages),Retrospective Cohort,2022,"Everyone is sweet on a beach in Mexico. Watch her when the flight is cancelled, she is exhausted, and the hotel lost the booking.",Emotional Regulation Under Stress & Fatigue,15
1,Most Overlooked Factors,Dr. Paul Amato,Alone Together: How Marriage in America Is Changing,Academic Study,2007,Emotional stability under chronic life friction accounted for a major variance in whether marriages survived economic downturns.,Emotional Regulation Under Stress & Fatigue,16
1,Most Overlooked Factors,Dr. David Buss,The Evolution of Desire: Strategies of Human Mating,Academic Study,1994,Men consistently underestimate how much low emotional stability (neuroticism) in a partner will erode their personal peace over decades.,Emotional Regulation Under Stress & Fatigue,17
1,Most Overlooked Factors,James Sexton,How to Stay in Love: A Divorce Lawyer's Guide,Clinical Literature,2018,"The most overlooked factor is baseline emotional regulation. If she panics at every leak, your house will always feel like it's flooding.",Emotional Regulation Under Stress & Fatigue,18
1,Most Overlooked Factors,Dr. William Doherty,Take Back Your Marriage: Sticking Together in a World That Pulls Us Apart,Clinical Literature,2001,The quiet superpower is an unshakeable nervous system that does not project inner anxiety onto external scapegoats.,Emotional Regulation Under Stress & Fatigue,19
1,Most Overlooked Factors,British Household Panel Survey (BHPS),Personality & Marital Dissolution Cohort,Academic Study,2016,Emotional volatility under domestic stress was a 3x stronger predictor of divorce than minor educational disparities.,Emotional Regulation Under Stress & Fatigue,20
1,Most Overlooked Factors,Dr. Eli Finkel,The All-or-Nothing Marriage: How the Best Marriages Work,Academic Study,2017,A spouse who can self-soothe without demanding that her partner orchestrate her emotional equilibrium is extraordinarily rare and vital.,Emotional Regulation Under Stress & Fatigue,21
1,Most Overlooked Factors,Cornell Marriage Project (Pillemer),Retrospective Elder Interviews (Age 70+),Longitudinal Survey,2014,"Look for an even keel. If she flies off the handle at minor mishaps, 40 years will feel like 140 years.",Emotional Regulation Under Stress & Fatigue,22
1,Most Overlooked Factors,Dr. Murray Bowen,Family Therapy in Clinical Practice,Clinical Literature,1978,Degree of differentiation from her family of origin determines whether she can form an autonomous marital unit.,Family of Origin Enmeshment & Boundaries,23
1,Most Overlooked Factors,Dr. Gary Chapman,Things I Wish I'd Known Before We Got Married,Clinical Literature,2010,You don't just marry a woman; you marry her relationship with her mother. Look closely at who cuts the cord.,Family of Origin Enmeshment & Boundaries,24
1,Most Overlooked Factors,AskMen Marital Retrospective Cohort,Marital Longevity Retrospectives (30+ Yrs),Retrospective Cohort,2020,"Overlooked factor: Does she defend you to her parents, or does she complain to her mother every time you have a small spat?",Family of Origin Enmeshment & Boundaries,25
1,Most Overlooked Factors,Dr. Harville Hendrix,Getting the Love You Want,Clinical Literature,1988,Unresolved boundary enmeshment with childhood caretakers will replicate as chronic third-party interference in the marriage.,Family of Origin Enmeshment & Boundaries,26
1,Most Overlooked Factors,American Association for Marriage & Family Therapy (AAMFT),Clinical Case Review on Extended Family Strain,Clinical Literature,2018,Spouses who fail to establish clear boundaries with in-laws produce a 42% higher divorce filing rate in years 3 to 7.,Family of Origin Enmeshment & Boundaries,27
1,Most Overlooked Factors,Dr. Brad Wilcox,Get Married: Why Americans Must Defend the Family,Academic Study,2024,Couples that cleave together and form an exclusive primary loyalty unit report the highest 20-year satisfaction scores.,Family of Origin Enmeshment & Boundaries,28
1,Most Overlooked Factors,Reddit Relationship Retrospectives,r/Marriage 20-Year Retrospective Thread,Retrospective Cohort,2021,"Watch how she handles her parents overstepping. If she cowers or sides with them against you while dating, run.",Family of Origin Enmeshment & Boundaries,29
1,Most Overlooked Factors,Dr. James Dobson,Love for a Lifetime,Clinical Literature,1987,The primary allegiance must transfer from parents to spouse; any hesitation on her part will create a fault line.,Family of Origin Enmeshment & Boundaries,30
1,Most Overlooked Factors,Dave Ramsey,The Total Money Makeover & Couple Financial Retrospective,Clinical Literature,2003,Money fights are never about math; they are about values. Watch her impulse control and debt comfort before engagement.,Financial Discipline & Consumption Instincts,31
1,Most Overlooked Factors,General Social Survey (NORC),Marital Happiness & Financial Alignment Trends,Demographic Research,2018,Spousal alignment on delayed gratification and transparent spending outweighs absolute household income by a factor of 4 to 1.,Financial Discipline & Consumption Instincts,32
1,Most Overlooked Factors,Dr. Sonya Britt-Lutter,Examining the Relationship Between Financial Arguments and Divorce,Academic Study,2012,Financial arguments take longer to recover from than any other marital dispute. Frugal vs spendthrift mismatch is deadly.,Financial Discipline & Consumption Instincts,33
1,Most Overlooked Factors,AskMen Retrospective Survey,Men Married 10+ Years Financial Survey,Retrospective Cohort,2023,Overlooked: Does she need retail therapy when she is sad? That habit compounds into financial quicksand.,Financial Discipline & Consumption Instincts,34
1,Most Overlooked Factors,Institute for Family Studies,The State of Our Unions: Money and Marriage,Academic Study,2019,Prudence in baseline spending and absence of lifestyle inflation competition is the most overlooked marital asset.,Financial Discipline & Consumption Instincts,35
1,Most Overlooked Factors,Pew Research Center,Modern Marriage & Financial Priorities,Demographic Research,2015,Financial responsibility was ranked higher in hindsight by married men than it was during their initial courtship stage.,Financial Discipline & Consumption Instincts,36
1,Most Overlooked Factors,Dr. Jeffrey Dew,Bank on It: Thrifty Couples Enjoy Stronger Marriages,Academic Study,2009,Consumer debt generates immediate marital hostility; a wife with instinctual financial restraint brings tranquility.,Financial Discipline & Consumption Instincts,37
1,Most Overlooked Factors,Dr. Thomas Stanley,The Millionaire Next Door (Marital Stability Analysis),Academic Study,1996,"Wealthy, happily married men almost universally married women who were more frugal and content than they were.",Financial Discipline & Consumption Instincts,38
1,Most Overlooked Factors,Dr. Frank Bradbury & Dr. Benjamin Karney,Intimate Relationships: The Role of Attributions,Academic Study,2010,Happy couples give each other the benefit of the doubt. Unhappy ones view honest mistakes as malicious character flaws.,Cognitive Generosity & Attributional Charity,39
1,Most Overlooked Factors,Alain de Botton,The Course of Love: A Novel of Marriage,Philosophical / Clinical,2016,The highest gift in a partner is charity of interpretation: assuming you are tired or clumsy rather than wicked.,Cognitive Generosity & Attributional Charity,40
1,Most Overlooked Factors,Dr. John Gottman,The Relationship Cure,Academic Study,2001,"Overlooked factor: Bids for connection. Does she turn toward you with curiosity, or turn away with contempt?",Cognitive Generosity & Attributional Charity,41
1,Most Overlooked Factors,Dr. Sue Johnson,Love Sense,Clinical Literature,2013,A woman who interprets your quietness as exhaustion rather than rejection saves you thousands of pointless battles.,Cognitive Generosity & Attributional Charity,42
1,Most Overlooked Factors,Reddit Long-Term Marriage Cohort,r/AskMen 30+ Years Cohort,Retrospective Cohort,2021,"Find someone who assumes you love her even when you drop the ball. If she always assumes the worst, you are doomed.",Cognitive Generosity & Attributional Charity,43
1,Most Overlooked Factors,Dr. Terry Real,The New Rules of Marriage,Clinical Literature,2007,"Overlooked factor: Does she extend mercy when you are at your weakest, or does she keep a ledger of your shortcomings?",Cognitive Generosity & Attributional Charity,44
1,Most Overlooked Factors,Arlie Hochschild,The Second Shift: Working Families and the Revolution at Home,Academic Study,1989,Mismatch in domestic cleanliness thresholds and implicit assumptions of who cleans what causes constant simmering friction.,Domestic Division & Cleanliness Thresholds,45
1,Most Overlooked Factors,Pew Research Center,Sharing Household Chores and Marital Happiness,Demographic Research,2016,"Sharing household tasks was rated the 3rd highest factor for successful marriage, yet rarely vetted during dating.",Domestic Division & Cleanliness Thresholds,46
1,Most Overlooked Factors,Dr. Eve Rodsky,Fair Play: A Game-Changing Solution for When You Have Too Much to Do,Clinical Literature,2019,Compatibility on domestic standards and willingness to negotiate tasks without maternal gatekeeping is vastly overlooked.,Domestic Division & Cleanliness Thresholds,47
1,Most Overlooked Factors,AskMen Marital Retrospective Cohort,Men on Cohabitation Realities,Retrospective Cohort,2022,I had no idea how exhausting it would be to live with someone whose standard of clean meant 2 hours of scrubbing daily.,Domestic Division & Cleanliness Thresholds,48
1,Most Overlooked Factors,Karl Pillemer,Cornell Marriage Project Data Archive,Longitudinal Survey,2013,Elderly men consistently cited shared standards of domestic order as far more important than early physical passion.,Domestic Division & Cleanliness Thresholds,49
1,Most Overlooked Factors,UK Millennium Cohort Study,Cohabitation Dynamics & Domestic Friction,Academic Study,2017,Unspoken expectations of chore distribution during courtship predicted post-baby relationship dissolution.,Domestic Division & Cleanliness Thresholds,50
2,Biggest Regrets,James Sexton,How to Stay in Love / Divorce Litigation Case Files,Clinical Literature,2018,"Clients almost always admit: 'I saw the sign on our third vacation before we married, and I convinced myself it would change.'",Dismissing Visible Red Flags During Courtship,51
2,Biggest Regrets,Dr. Paul Amato,Divorce in America: Historical Trends and Causes,Academic Study,2010,Over 65% of divorced men reported noticing destructive behavioral tendencies during engagement that they deliberately dismissed.,Dismissing Visible Red Flags During Courtship,52
2,Biggest Regrets,AskMen Divorced Men Cohort,r/Divorce Retrospective Survey (N=500),Retrospective Cohort,2021,"My biggest regret was thinking my love would cure her jealousy, anger, or spending. What you see dating is the best it ever gets.",Dismissing Visible Red Flags During Courtship,53
2,Biggest Regrets,Karl Pillemer,30 Lessons for Loving,Longitudinal Survey,2015,"Elders' warning: Never marry someone hoping to fix them. If you cannot live with them exactly as they are right now, do not marry.",Dismissing Visible Red Flags During Courtship,54
2,Biggest Regrets,Dr. Terry Real,Us: Clinical Couples Counseling Files,Clinical Literature,2022,"Men regret mistaking drama, moodiness, and high-maintenance entitlement for 'passion' during the dating phase.",Dismissing Visible Red Flags During Courtship,55
2,Biggest Regrets,Nicole Sodoma,Please Don't Say You're Sorry: A Marriage and Divorce Lawyer's Perspective,Clinical Literature,2022,"Biggest regret: Rationalizing that her cruelty to waitstaff, siblings, or ex-boyfriends was justified and wouldn't ever turn toward them.",Dismissing Visible Red Flags During Courtship,56
2,Biggest Regrets,Dr. Gary Chapman,Things I Wish I'd Known Before We Got Married,Clinical Literature,2010,Couples ignore blatant character differences because euphoric dating chemicals numb their critical thinking faculties.,Dismissing Visible Red Flags During Courtship,57
2,Biggest Regrets,Raoul Felder,Reflections from 50 Years of Divorce Practice,Clinical Literature,2011,"In virtually every catastrophic divorce, the fundamental defect was on display before the wedding ceremony took place.",Dismissing Visible Red Flags During Courtship,58
2,Biggest Regrets,AskMen Marital Regrets Survey,What Would You Do Differently? (10+ Yr Marriages),Retrospective Cohort,2020,"I ignored how she talked about her exes. If every ex is a 'narcissist', you are just the next villain in her narrative.",Dismissing Visible Red Flags During Courtship,59
2,Biggest Regrets,Dr. William Doherty,Take Back Your Marriage,Clinical Literature,2001,"Men regret ignoring signs of self-absorption, believing that the maternal instinct would naturally awaken selflessness.",Dismissing Visible Red Flags During Courtship,60
2,Biggest Regrets,Institute for Family Studies,Divorce Retrospectives & Premarital Vetting Study,Demographic Research,2022,Men whose marriages failed overwhelmingly identify premarital behavioral blind spots as their primary source of regret.,Dismissing Visible Red Flags During Courtship,61
2,Biggest Regrets,Reddit Relationship Regrets,r/Marriage Regret Mega-Thread,Retrospective Cohort,2023,She made subtle belittling comments about my career in front of her friends before we married. 10 years later it was open contempt.,Dismissing Visible Red Flags During Courtship,62
2,Biggest Regrets,Dr. Howard Markman,Preventing Marital Distress,Academic Study,1993,"Men consistently overlook early signs of withdrawal and stonewalling, regretting it when emotional paralysis sets in years later.",Dismissing Visible Red Flags During Courtship,63
2,Biggest Regrets,Dr. Stan Tatkin,Wired for Love,Clinical Literature,2012,Ignoring attachment alarms in the first 6 months is the single most common regret among counseling patients.,Dismissing Visible Red Flags During Courtship,64
2,Biggest Regrets,Paul Amato & Denise Previti,People's Reasons for Divorcing,Academic Study,2003,Getting married too young or rushing due to social expectations was among the top cited reasons for relationship termination.,Rushing Timelines Due to Social / Age Pressure,65
2,Biggest Regrets,Dr. Brad Wilcox,National Marriage Project: Relationship Sunk Cost Study,Academic Study,2015,"Men who proposed due to inertia—'we’ve been together 4 years, it’s the next logical step'—experienced high long-term regret.",Rushing Timelines Due to Social / Age Pressure,66
2,Biggest Regrets,AskMen Cohort,Marital Mistakes Retrospective (Age 35-50),Retrospective Cohort,2019,All my friends were getting married and having babies. I panicked and married someone I was lukewarm about. Worst mistake of my life.,Rushing Timelines Due to Social / Age Pressure,67
2,Biggest Regrets,Karl Pillemer,Cornell Marriage Project,Longitudinal Survey,2015,Elders' consensus: Never marry under a deadline. Rushing to satisfy a biological clock or parental deadline breeds bitter resentment.,Rushing Timelines Due to Social / Age Pressure,68
2,Biggest Regrets,General Social Survey (NORC),Premarital Cohabitation & Engagement Timing Analysis,Demographic Research,2017,Proposals made within less than 12 months or under acute family pressure correlated with a 40% higher 10-year regret index.,Rushing Timelines Due to Social / Age Pressure,69
2,Biggest Regrets,James Sexton,How to Stay in Love,Clinical Literature,2018,"The sunk cost fallacy kills marriages. Men say: 'I bought the ring, we booked the hall, I felt trapped.' You can always walk away.",Rushing Timelines Due to Social / Age Pressure,70
2,Biggest Regrets,Reddit Divorced Men Survey,r/Divorce Over 40 Cohort,Retrospective Cohort,2021,"I was 31, terrified of starting over, and married for convenience. The divorce at 42 was ten times more agonizing than being single at 31.",Rushing Timelines Due to Social / Age Pressure,71
2,Biggest Regrets,Dr. Eli Finkel,The All-or-Nothing Marriage,Academic Study,2017,Marrying for sociological checklists rather than deep emotional compatibility yields severe mid-life disaffection.,Rushing Timelines Due to Social / Age Pressure,72
2,Biggest Regrets,Dr. Linda Waite,The Case for Marriage,Academic Study,2000,"While marriage provides vast benefits, forced or rushed commitment without genuine emotional affinity produces profound regret.",Rushing Timelines Due to Social / Age Pressure,73
2,Biggest Regrets,AskMen Retrospective Thread,Men on Feeling Cornered by Ultimatums,Retrospective Cohort,2022,Giving in to an ultimatum ('propose by December or we break up') was the moment I surrendered my sovereignty and guaranteed divorce.,Rushing Timelines Due to Social / Age Pressure,74
2,Biggest Regrets,Esther Perel,Mating in Captivity: Unlocking Erotic Intelligence,Clinical Literature,2006,Men regret assuming that lukewarm premarital sex would magically ignite once the safety of marriage was established.,Overlooking Sexual & Intimacy Incompatibility,75
2,Biggest Regrets,AskMen DeadBedrooms Retrospective,r/DeadBedrooms Married Men Longitudinal Survey,Retrospective Cohort,2020,"My biggest regret: Thinking she just had a lower libido because of stress. Once married, it went to zero. Sexless marriage is misery.",Overlooking Sexual & Intimacy Incompatibility,76
2,Biggest Regrets,Dr. John Gottman,The Relationship Cure,Academic Study,2001,"Intimacy mismatch ignored during engagement rarely narrows; over time, the rejected partner builds a toxic wall of resentment.",Overlooking Sexual & Intimacy Incompatibility,77
2,Biggest Regrets,Dr. David Schnarch,Intimacy & Desire: Awaken the Passion in Your Relationship,Clinical Literature,2009,"Men regret settling for duty sex or pity sex early on, not realizing it calcifies into emotional alienation 15 years later.",Overlooking Sexual & Intimacy Incompatibility,78
2,Biggest Regrets,Relate UK National Relationship Survey,Men's Midlife Marital Dissatisfaction Study,Demographic Research,2018,Erotic and physical rejection by a spouse was cited by 71% of distressed husbands as their deepest private grief.,Overlooking Sexual & Intimacy Incompatibility,79
2,Biggest Regrets,Reddit Relationship Advice Cohort,Men on Premarital Frequency vs Reality,Retrospective Cohort,2022,"If you have to beg or negotiate for physical intimacy while you are still dating, you are setting yourself up for 30 years of loneliness.",Overlooking Sexual & Intimacy Incompatibility,80
2,Biggest Regrets,Dr. Robert Weiss,Prodependence: Beyond the Myth of Codependency,Clinical Literature,2018,"Men regret failing to discuss sexual expectations, fantasy, and physical affection boundaries candidly before exchanging vows.",Overlooking Sexual & Intimacy Incompatibility,81
2,Biggest Regrets,IFS Family Studies Report,Marital Satisfaction & Frequency of Intimacy,Demographic Research,2023,Severe libido disparity left unaddressed prior to marriage is among the top three predictors of infidelity and marital dissolution.,Overlooking Sexual & Intimacy Incompatibility,82
2,Biggest Regrets,Cornell Marriage Project (Pillemer),Elder Husbands on Intimacy,Longitudinal Survey,2015,Affection is oxygen. Marrying someone who views physical touch as a transactional chore was cited by elderly men as a tragic regret.,Overlooking Sexual & Intimacy Incompatibility,83
2,Biggest Regrets,Dr. Sonya Britt-Lutter,Kansas State University Financial Therapy Study,Academic Study,2014,"Discovering hidden student loans, credit card debt, or compulsive spending after the wedding creates an instant breach of trust.",Concealed Debt & Financial Asymmetry,84
2,Biggest Regrets,James Sexton,How to Stay in Love,Clinical Literature,2018,The financial autopsy of dead marriages always reveals one spouse who treated marital assets as an unlimited personal slush fund.,Concealed Debt & Financial Asymmetry,85
2,Biggest Regrets,Dave Ramsey Research Group,Financial Infidelity and Divorce Correlation Study,Clinical Literature,2021,Over 40% of divorced individuals cite financial deception or incompatible consumption as a primary breaking point.,Concealed Debt & Financial Asymmetry,86
2,Biggest Regrets,AskMen Financial Regrets,r/PersonalFinance & r/AskMen Cross-Study,Retrospective Cohort,2022,"I worked 70 hours a week to build our savings, only to find out she was leasing luxury cars and hiding maxed-out store cards.",Concealed Debt & Financial Asymmetry,87
2,Biggest Regrets,Pew Research Center,Economic Stress & Marital Breakdown,Demographic Research,2019,"Men regret not requiring full financial transparency—credit reports, debt balances, bank statements—before walking down the aisle.",Concealed Debt & Financial Asymmetry,88
2,Biggest Regrets,Dr. Jeffrey Dew,National Marriage Project: Financial Strain in American Marriage,Academic Study,2011,Unilateral spending above \$500 without consultation corrodes spousal trust faster than almost any non-violent behavior.,Concealed Debt & Financial Asymmetry,89
2,Biggest Regrets,Reddit Divorced Men Financial Retrospective,What Destroyed Your Marriage?,Retrospective Cohort,2023,"My biggest regret was not setting clear joint-account rules on day one. By year five, resentment had poisoned every conversation.",Concealed Debt & Financial Asymmetry,90
2,Biggest Regrets,Dr. Gary Chapman,Things I Wish I'd Known,Clinical Literature,2010,Husbands regret not realizing that a wife who cannot stand up to her overbearing mother will allow her mother to destroy the home.,Underestimating In-Law Intrusion & Toxic Dynamics,91
2,Biggest Regrets,AskMen In-Law Survey,How In-Laws Impacted Your Marriage (N=350),Retrospective Cohort,2020,Her parents lived 10 minutes away and walked in unannounced. She refused to set boundaries. It slowly choked our marriage to death.,Underestimating In-Law Intrusion & Toxic Dynamics,92
2,Biggest Regrets,Dr. Harriet Lerner,The Dance of Intimacy,Clinical Literature,1989,A man who fails to recognize that his partner's family of origin culture will invade his household pays an enormous emotional price.,Underestimating In-Law Intrusion & Toxic Dynamics,93
2,Biggest Regrets,American Journal of Family Therapy,In-Law Conflict and Marital Dissolution Risk,Academic Study,2015,Men whose wives prioritized parental opinions over spousal alignment had a 3x higher probability of marital breakdown.,Underestimating In-Law Intrusion & Toxic Dynamics,94
2,Biggest Regrets,Reddit Relationship Regrets,r/JustNoMIL & r/Marriage Cross-Review,Retrospective Cohort,2022,"I thought in-laws were just a holiday inconvenience. It turns out they dictate parenting, vacations, and finances if she lets them.",Underestimating In-Law Intrusion & Toxic Dynamics,95
2,Biggest Regrets,Karl Pillemer,30 Lessons for Loving,Longitudinal Survey,2015,"Elders' advice: If your prospective spouse cannot cut the apron strings before the wedding, prepare for endless domestic warfare.",Underestimating In-Law Intrusion & Toxic Dynamics,96
2,Biggest Regrets,Dr. Jay Belsky,The Transition to Parenting and Marital Quality,Academic Study,1990,"Couples who failed to interrogate each other's discipline, schooling, and screentime philosophies suffered catastrophic post-baby drops.",Unaligned Parenting Values & Child Discipline,97
2,Biggest Regrets,Dr. Brad Wilcox,The American Family Survey,Academic Study,2022,Differences in permissive vs authoritative parenting create deep bitterness; fathers regret not seeing how their wife would mother.,Unaligned Parenting Values & Child Discipline,98
2,Biggest Regrets,AskMen Parenting Retrospectives,Men on Post-Child Marital Collapse,Retrospective Cohort,2021,She completely abandoned our relationship to become an obsessive helicopter mom. I became an ATM and a domestic assistant.,Unaligned Parenting Values & Child Discipline,99
2,Biggest Regrets,Dr. William Doherty,Take Back Your Kids: Why Loving Parents Still Struggle,Clinical Literature,2000,Fathers regret letting children become the center of the household rather than keeping the spousal bond as the central pillar.,Unaligned Parenting Values & Child Discipline,100
3,Things People Felt They Most Overvalued,Dr. David Buss,The Evolution of Desire,Academic Study,1994,"Men place tremendous mate-value on youthful beauty, but hedonic adaptation normalizes physical attractiveness within 18 months of cohabitation.",Initial Physical Glamour & Aesthetic Perfection,101
3,Things People Felt They Most Overvalued,Karl Pillemer,30 Lessons for Loving: Cornell Marriage Project,Longitudinal Survey,2015,"Elder husbands unanimously agree: Looks fade, skin wrinkles, bodies change. Marrying for breathtaking beauty is pure amateurism.",Initial Physical Glamour & Aesthetic Perfection,102
3,Things People Felt They Most Overvalued,AskMen Marital Retrospectives,Men Married 20+ Years on Physical Attractiveness,Retrospective Cohort,2020,"A '10' with a foul temper makes your home a living nightmare. A '7' who is cheerful, kind, and peaceful turns a modest house into a castle.",Initial Physical Glamour & Aesthetic Perfection,103
3,Things People Felt They Most Overvalued,Alain de Botton,The Course of Love,Philosophical / Clinical,2016,We overvalue the beauty of the face and undervalue the psychological capacity of the person to handle laundry and sick children.,Initial Physical Glamour & Aesthetic Perfection,104
3,Things People Felt They Most Overvalued,Dr. Paul Amato,Alone Together,Academic Study,2007,Physical attractiveness of the wife showed zero statistical correlation with 15-year marital satisfaction or marital stability.,Initial Physical Glamour & Aesthetic Perfection,105
3,Things People Felt They Most Overvalued,Reddit AskMen Cohort,What Did You Overvalue When You Were Young?,Retrospective Cohort,2022,"I wanted a girl with a smoking hot body to impress my buddies. Now at 45, I realize having a woman who doesn't yell at me is worth 100x more.",Initial Physical Glamour & Aesthetic Perfection,106
3,Things People Felt They Most Overvalued,Dr. John Gottman,What Makes Love Last?,Academic Study,2012,"Beauty does not protect a marriage from contempt, defensiveness, or betrayal; character and warmth do.",Initial Physical Glamour & Aesthetic Perfection,107
3,Things People Felt They Most Overvalued,James Sexton,How to Stay in Love,Clinical Literature,2018,Some of the most miserable clients I represent were married to supermodels. Beauty buys you 15 minutes of excitement and 15 years of agony.,Initial Physical Glamour & Aesthetic Perfection,108
3,Things People Felt They Most Overvalued,Dr. Howard Markman,Fighting for Your Marriage,Academic Study,2001,Men consistently overvalue initial physical luster while ignoring the critical variable: how she handles interpersonal frustration.,Initial Physical Glamour & Aesthetic Perfection,109
3,Things People Felt They Most Overvalued,Institute for Family Studies,"Beauty, Wealth, and Marital Durability",Demographic Research,2021,Men who prioritized physical attractiveness over agreeableness and conscientiousness had significantly higher divorce rates.,Initial Physical Glamour & Aesthetic Perfection,110
3,Things People Felt They Most Overvalued,Robert Waldinger,Harvard Adult Development Study,Academic Study,2023,"In the 85-year trajectory, a partner's physical glamour contributed nothing to late-life happiness and longevity.",Initial Physical Glamour & Aesthetic Perfection,111
3,Things People Felt They Most Overvalued,AskMen Over 50 Cohort,Reflections on Mate Selection Criteria,Retrospective Cohort,2021,"You don't cuddle an Instagram photo when you're recovering from back surgery. You need a gentle, loyal human being.",Initial Physical Glamour & Aesthetic Perfection,112
3,Things People Felt They Most Overvalued,Dr. Terry Real,Us: Getting Past You and Me,Clinical Literature,2022,"Glamour is consumerist packaging. True marital intimacy is built on vulnerability and mutual care, which glamour often masks.",Initial Physical Glamour & Aesthetic Perfection,113
3,Things People Felt They Most Overvalued,Dr. Scott Stanley,National Marriage Project,Academic Study,2010,Men realize too late that high maintenance beauty comes with enormous psychological and financial overhead.,Initial Physical Glamour & Aesthetic Perfection,114
3,Things People Felt They Most Overvalued,Raoul Felder,50 Years of Divorce,Clinical Literature,2011,The prettiest brides often make the most self-entitled spouses. Beauty is grossly overvalued in matrimonial planning.,Initial Physical Glamour & Aesthetic Perfection,115
3,Things People Felt They Most Overvalued,Karl Pillemer,30 Lessons for Loving,Longitudinal Survey,2015,"Elders told us: 'You don't need to like the same books, movies, or sports. You need to agree on money, morals, and how to raise kids.'",Superficial Shared Hobbies & Entertainment Tastes,116
3,Things People Felt They Most Overvalued,Dr. Eli Finkel,The All-or-Nothing Marriage,Academic Study,2017,Modern dating apps over-index on identical recreational interests. Shared tastes do not predict marital satisfaction.,Superficial Shared Hobbies & Entertainment Tastes,117
3,Things People Felt They Most Overvalued,AskMen Marital Retrospectives,Things That Mattered Far Less Than Expected,Retrospective Cohort,2019,"I thought it was amazing that she loved hiking and Radiohead. Turns out, hiking 3 weekends a year is irrelevant when living together 365 days.",Superficial Shared Hobbies & Entertainment Tastes,118
3,Things People Felt They Most Overvalued,Dr. John Gottman,The Seven Principles,Academic Study,1999,Having identical hobbies is neither necessary nor sufficient for a great marriage. Passionate differences keep things interesting.,Superficial Shared Hobbies & Entertainment Tastes,119
3,Things People Felt They Most Overvalued,Reddit AskMen Over 40,What Did You Overrate During Dating?,Retrospective Cohort,2022,"Having the exact same taste in music and movies. My wife and I like completely different shows, and our marriage is rock solid.",Superficial Shared Hobbies & Entertainment Tastes,120
3,Things People Felt They Most Overvalued,Dr. Gary Chapman,The 5 Love Languages,Clinical Literature,1992,"Shared interests are pleasant, but if love languages and emotional validation are missing, shared hobbies will not save you.",Superficial Shared Hobbies & Entertainment Tastes,121
3,Things People Felt They Most Overvalued,Pew Research Center,What Makes Marriages Work?,Demographic Research,2014,Shared hobbies was ranked near the bottom of critical marital attributes by long-term married couples.,Superficial Shared Hobbies & Entertainment Tastes,122
3,Things People Felt They Most Overvalued,Alain de Botton,Why You Will Marry the Wrong Person,Philosophical / Clinical,2016,We match on music festivals and favorite foods—trivial markers that have nothing to do with whether someone can endure a family crisis.,Superficial Shared Hobbies & Entertainment Tastes,123
3,Things People Felt They Most Overvalued,Dr. Brad Wilcox,Get Married,Academic Study,2024,"Values alignment (faith, family structure, community) matters infinitely more than having identical leisure activities.",Superficial Shared Hobbies & Entertainment Tastes,124
3,Things People Felt They Most Overvalued,British Household Panel Survey,Leisure Congruence and Marital Durability,Academic Study,2018,Recreational similarity showed a negligible effect on relationship survival over a 12-year longitudinal span.,Superficial Shared Hobbies & Entertainment Tastes,125
3,Things People Felt They Most Overvalued,AskMen 15+ Yr Marriage Survey,Hobbies vs Core Values,Retrospective Cohort,2023,"Get your own hobbies with your buddies. What you need from your wife is peace, respect, and mutual loyalty.",Superficial Shared Hobbies & Entertainment Tastes,126
3,Things People Felt They Most Overvalued,Dr. Stan Tatkin,Wired for Love,Clinical Literature,2012,Infatuation chemistry is often just attachment anxiety in disguise. Men overvalue the intoxicating high of an unpredictable partner.,"Intense ""Chemistry"" & Romantic Rollercoaster Thrills",127
3,Things People Felt They Most Overvalued,Dr. Sue Johnson,Hold Me Tight,Clinical Literature,2008,The 'fire' and 'butterflies' men obsess over in month three are terrible predictors of the calm security required for month 300.,"Intense ""Chemistry"" & Romantic Rollercoaster Thrills",128
3,Things People Felt They Most Overvalued,AskMen Marital Retrospectives,Dating Highs vs Long-Term Reality,Retrospective Cohort,2021,I overvalued intense sexual chemistry that was fueled by constant arguing and making up. That high burns out your adrenal glands.,"Intense ""Chemistry"" & Romantic Rollercoaster Thrills",129
3,Things People Felt They Most Overvalued,Karl Pillemer,30 Lessons for Loving,Longitudinal Survey,2015,"Elders warned against marrying the 'exciting, mysterious' woman. Mystery is fun on a date; in a marriage, you want predictability and reliability.","Intense ""Chemistry"" & Romantic Rollercoaster Thrills",130
3,Things People Felt They Most Overvalued,Dr. David Schnarch,Passionate Marriage,Clinical Literature,1997,Sparks fly when there is novelty and tension. Mature marital love is built on deep differentiation and quiet confidence.,"Intense ""Chemistry"" & Romantic Rollercoaster Thrills",131
3,Things People Felt They Most Overvalued,Reddit Relationship Advice,Men Reflecting on Passion vs Peace,Retrospective Cohort,2022,"I passed on sweet, stable women because I didn't feel 'the lightning bolt.' Now I realize that lightning bolt was just anxiety.","Intense ""Chemistry"" & Romantic Rollercoaster Thrills",132
3,Things People Felt They Most Overvalued,Dr. Harville Hendrix,Getting the Love You Want,Clinical Literature,1988,Intense romantic chemistry is frequently an unconscious pull toward childhood wounds. It is wildly overvalued as a mate criterion.,"Intense ""Chemistry"" & Romantic Rollercoaster Thrills",133
3,Things People Felt They Most Overvalued,Dr. Eli Finkel,Northwestern Marriage Laboratory Studies,Academic Study,2014,Initial passion levels do not predict whether a couple will flourish or dissolve after the birth of children.,"Intense ""Chemistry"" & Romantic Rollercoaster Thrills",134
3,Things People Felt They Most Overvalued,James Sexton,How to Stay in Love,Clinical Literature,2018,Chemistry is easy; compatibility is hard. People confuse the sizzle of the steak with the nutritional value of the meal.,"Intense ""Chemistry"" & Romantic Rollercoaster Thrills",135
3,Things People Felt They Most Overvalued,Terry Real,Us: Relational Therapy Clinical Notes,Clinical Literature,2022,Men overvalue passion because they mistake erotic excitement for emotional intimacy.,"Intense ""Chemistry"" & Romantic Rollercoaster Thrills",136
3,Things People Felt They Most Overvalued,David Brooks,"The Social Animal: The Hidden Sources of Love, Character, and Achievement",Sociological Analysis,2011,"Marrying an impressive resume does not give you a warm home. Character, warmth, and humility outshine Ivy League credentials.","High Status, Pedigree & Impressive Resume",137
3,Things People Felt They Most Overvalued,General Social Survey,Educational Assortative Mating and Happiness,Demographic Research,2019,"Status symmetry creates parity on paper, but contributes almost nothing to subjective marital joy or emotional connection.","High Status, Pedigree & Impressive Resume",138
3,Things People Felt They Most Overvalued,AskMen Marital Retrospectives,Men on Career Ambition vs Family Warmth,Retrospective Cohort,2020,"I thought marrying a high-powered corporate lawyer would be incredible. It meant 80-hour work weeks, exhaustion, and zero domestic warmth.","High Status, Pedigree & Impressive Resume",139
3,Things People Felt They Most Overvalued,Institute for Family Studies,Career Success vs Marital Vitality,Academic Study,2023,Men who prioritized elite pedigree over personal kindness reported lower marital satisfaction over 20 years.,"High Status, Pedigree & Impressive Resume",140
3,Things People Felt They Most Overvalued,Karl Pillemer,Cornell Marriage Project,Longitudinal Survey,2015,Elders: 'Nobody lies on their deathbed wishing their spouse had an MBA or a higher job title. They want someone who held their hand.',"High Status, Pedigree & Impressive Resume",141
3,Things People Felt They Most Overvalued,Reddit r/AskMenOver50,Career vs Character in a Spouse,Retrospective Cohort,2021,You don't live with her LinkedIn profile. You live with her mood when dinner burns and the kids are crying.,"High Status, Pedigree & Impressive Resume",142
3,Things People Felt They Most Overvalued,Dr. Brad Wilcox,National Marriage Project,Academic Study,2022,Institutional prestige and social polish are massively overrated by upwardly mobile men during early dating.,"High Status, Pedigree & Impressive Resume",143
3,Things People Felt They Most Overvalued,Dr. Linda Waite,The Case for Marriage,Academic Study,2000,Social standing is transient; moral integrity and mutual devotion are the true foundations of enduring unions.,"High Status, Pedigree & Impressive Resume",144
3,Things People Felt They Most Overvalued,Andrew Francis-Tan & Hugo Mialon,‘A Diamond Is Forever’ and Other Fairy Tales: Wedding Expenses and Marriage Duration,Academic Study,2014,High spending on engagement rings and extravagant weddings is inversely associated with marriage duration. Modest weddings last longer.,Extravagance of the Wedding & Social Spectacle,145
3,Things People Felt They Most Overvalued,Pew Research Center,Wedding Spending vs Long-Term Financial Health,Demographic Research,2018,Men who spent heavily to achieve an Instagram-perfect wedding reported immediate financial stress and regret within year one.,Extravagance of the Wedding & Social Spectacle,146
3,Things People Felt They Most Overvalued,James Sexton,How to Stay in Love,Clinical Literature,2018,"Rule of thumb: The bigger and more theatrical the wedding, the shorter the marriage. People confuse the wedding with the marriage.",Extravagance of the Wedding & Social Spectacle,147
3,Things People Felt They Most Overvalued,AskMen Survey,Wedding Spending Retrospectives,Retrospective Cohort,2021,"We blew \$60,000 on a one-day party. We both agree it was the dumbest use of capital in our entire lives.",Extravagance of the Wedding & Social Spectacle,148
3,Things People Felt They Most Overvalued,Karl Pillemer,30 Lessons for Loving,Longitudinal Survey,2015,"Elders: Focus 95% of your energy on preparing for the marriage, and 5% on preparing for the wedding day.",Extravagance of the Wedding & Social Spectacle,149
3,Things People Felt They Most Overvalued,Reddit r/WeddingPlanning & r/Marriage,Post-Wedding Retrospective Cohort,Retrospective Cohort,2023,Focusing on table settings and bridesmaid dresses over premarital counseling was an absurd misallocation of emotional energy.,Extravagance of the Wedding & Social Spectacle,150
4,Things They Most Appreciate About Their Wife,Karl Pillemer,30 Lessons for Loving: Cornell Marriage Project,Longitudinal Survey,2015,"Husbands married 40+ years repeatedly say: 'She makes our home a peaceful sanctuary. When the world is chaotic, walking through the door brings relief.'",Emotional Equanimity & Peaceful Domestic Atmosphere,151
4,Things They Most Appreciate About Their Wife,AskMen Marital Appreciation Survey,What Do You Value Most About Your Wife? (N=400),Retrospective Cohort,2021,"Peace. She doesn't invent drama, doesn't pick fights when I come home exhausted, and gives me space to decompress. That is priceless.",Emotional Equanimity & Peaceful Domestic Atmosphere,152
4,Things They Most Appreciate About Their Wife,Dr. John Gottman,The Seven Principles for Making Marriage Work,Academic Study,1999,Men thrive emotionally when their home is a low-criticism environment with high psychological safety.,Emotional Equanimity & Peaceful Domestic Atmosphere,153
4,Things They Most Appreciate About Their Wife,Robert Waldinger & Marc Schulz,The Good Life: Harvard Study of Adult Development,Academic Study,2023,The men who lived longest and healthiest in our 85-year study had wives whose emotional steadiness buffered against life stress.,Emotional Equanimity & Peaceful Domestic Atmosphere,154
4,Things They Most Appreciate About Their Wife,Dr. Brad Wilcox,Get Married: IFS National Survey,Academic Study,2024,Husbands report highest marital satisfaction when their wife cultivates a culture of gentleness and domestic warmth.,Emotional Equanimity & Peaceful Domestic Atmosphere,155
4,Things They Most Appreciate About Their Wife,Reddit r/AskMen,Happily Married Men (15+ Years): What Do You Love Most?,Retrospective Cohort,2022,"Her even temper. In 20 years, I have never had to walk on eggshells around her. I can just breathe.",Emotional Equanimity & Peaceful Domestic Atmosphere,156
4,Things They Most Appreciate About Their Wife,Dr. Emerson Eggerichs,Love & Respect: The Love She Most Desires; The Respect He Desperately Needs,Clinical Literature,2004,"A peaceful, non-hostile domestic atmosphere allows a man's nervous system to recharge, deepening his devotion to his wife.",Emotional Equanimity & Peaceful Domestic Atmosphere,157
4,Things They Most Appreciate About Their Wife,General Social Survey (NORC),Marital Quality & Spousal Temperament Indicators,Demographic Research,2020,Husbands of wives with low emotional volatility reported 88% higher life contentment compared to high-volatility households.,Emotional Equanimity & Peaceful Domestic Atmosphere,158
4,Things They Most Appreciate About Their Wife,Dr. William Doherty,Take Back Your Marriage,Clinical Literature,2001,Men cherish a wife who creates an oasis of predictability where grace is extended freely rather than earned.,Emotional Equanimity & Peaceful Domestic Atmosphere,159
4,Things They Most Appreciate About Their Wife,AskMen 25-Year Marriages Cohort,Attributes of an Exceptional Wife,Retrospective Cohort,2023,"The sweetest feeling in the world is driving home from work knowing that peace, not an interrogation, awaits behind the front door.",Emotional Equanimity & Peaceful Domestic Atmosphere,160
4,Things They Most Appreciate About Their Wife,Alain de Botton,The Course of Love,Philosophical / Clinical,2016,True love expresses itself in quiet patience: the willingness to overlook minor human blunders without staging a tribunal.,Emotional Equanimity & Peaceful Domestic Atmosphere,161
4,Things They Most Appreciate About Their Wife,Dr. Dan Wile,After the Honeymoon,Clinical Literature,1993,A wife who responds to vulnerability with tenderness rather than weaponizing it in future arguments inspires lifetime devotion.,Emotional Equanimity & Peaceful Domestic Atmosphere,162
4,Things They Most Appreciate About Their Wife,Pew Research Center,Attributes of Successful Marriages,Demographic Research,2017,Calmness and warmth in communication was ranked by married men as their single greatest source of daily contentment.,Emotional Equanimity & Peaceful Domestic Atmosphere,163
4,Things They Most Appreciate About Their Wife,Reddit r/Marriage,Appreciation Thread for Long-Term Wives,Retrospective Cohort,2023,"She doesn't hold grudges. When we resolve an issue, it is truly buried. Her emotional maturity is the anchor of our home.",Emotional Equanimity & Peaceful Domestic Atmosphere,164
4,Things They Most Appreciate About Their Wife,Karl Pillemer,30 Lessons for Loving,Longitudinal Survey,2015,"When I lost my business and was paralyzed with depression, she looked at me and said, 'We'll rebuild together.' That moment made me hers forever.",Steadfast Loyalty & Fierce Partnership in Crisis,165
4,Things They Most Appreciate About Their Wife,AskMen Retrospectives,Men on Crisis Loyalty,Retrospective Cohort,2020,"When I had cancer at 38, she slept in a hospital chair for 4 weeks. You cannot put a price tag on a woman who stands by you in the fire.",Steadfast Loyalty & Fierce Partnership in Crisis,166
4,Things They Most Appreciate About Their Wife,Robert Waldinger,Harvard Adult Development Study,Academic Study,2023,The sense that your partner will never abandon you when disaster strikes is the bedrock of lifelong psychological security.,Steadfast Loyalty & Fierce Partnership in Crisis,167
4,Things They Most Appreciate About Their Wife,Dr. Sue Johnson,Hold Me Tight,Clinical Literature,2008,"A securely attached partner provides an unshakeable safe haven in times of illness, job loss, or existential vulnerability.",Steadfast Loyalty & Fierce Partnership in Crisis,168
4,Things They Most Appreciate About Their Wife,Reddit AskMen Cohort,What Made You Realize She Was 'The One' Forever?,Retrospective Cohort,2021,My father died suddenly and I broke down sobbing. She didn't judge me; she just held me and took care of everything for three days.,Steadfast Loyalty & Fierce Partnership in Crisis,169
4,Things They Most Appreciate About Their Wife,Dr. Linda Waite,The Case for Marriage,Academic Study,2000,The reciprocal insurance of marriage—knowing someone is unconditionally on your team—is what men treasure above all else.,Steadfast Loyalty & Fierce Partnership in Crisis,170
4,Things They Most Appreciate About Their Wife,Dr. Stan Tatkin,Wired for Love,Clinical Literature,2012,A partner who has your back in public and handles private disagreements behind closed doors builds immense marital trust.,Steadfast Loyalty & Fierce Partnership in Crisis,171
4,Things They Most Appreciate About Their Wife,AskMen Over 50 Cohort,30 Years Together: What Matters?,Retrospective Cohort,2022,"Unshakeable loyalty. Friends come and go, careers end, health fades. Having a ride-or-die teammate is life's ultimate luxury.",Steadfast Loyalty & Fierce Partnership in Crisis,172
4,Things They Most Appreciate About Their Wife,Institute for Family Studies,Resilience in Long-Term Marriage Cohort,Demographic Research,2020,Men who experienced severe job displacement reported that spousal solidarity was the single factor preventing psychological collapse.,Steadfast Loyalty & Fierce Partnership in Crisis,173
4,Things They Most Appreciate About Their Wife,Dr. Terry Real,Us,Clinical Literature,2022,Fierce partnership transforms two fragile individuals into a resilient organism capable of weathering any storm.,Steadfast Loyalty & Fierce Partnership in Crisis,174
4,Things They Most Appreciate About Their Wife,James Sexton,How to Stay in Love,Clinical Literature,2018,The couples who never show up in divorce court are the ones who view external adversity as a shared opponent to conquer together.,Steadfast Loyalty & Fierce Partnership in Crisis,175
4,Things They Most Appreciate About Their Wife,Dr. Brad Wilcox,Get Married / National Marriage Project,Academic Study,2024,"Watching his wife love and nurture their children awakens a profound, almost sacred reverence in a husband.",Maternal Grace & Co-Parenting Teamwork,176
4,Things They Most Appreciate About Their Wife,AskMen Fatherhood Cohort,What Husbands Appreciate Most Post-Kids,Retrospective Cohort,2021,"Seeing how incredible she is as a mother. Her patience, warmth, and dedication to our daughters makes me fall in love with her all over again.",Maternal Grace & Co-Parenting Teamwork,177
4,Things They Most Appreciate About Their Wife,Karl Pillemer,30 Lessons for Loving,Longitudinal Survey,2015,Elder men frequently cited their wife's parenting wisdom and teamwork as the crowning achievement of their shared life.,Maternal Grace & Co-Parenting Teamwork,178
4,Things They Most Appreciate About Their Wife,General Social Survey,Parenthood and Marital Bonding Trends,Demographic Research,2021,Shared pride in raising children together was ranked by 78% of older husbands as their deepest source of meaning.,Maternal Grace & Co-Parenting Teamwork,179
4,Things They Most Appreciate About Their Wife,Reddit r/Daddit & r/Marriage,Men on Exceptional Mothers,Retrospective Cohort,2023,She treats parenting as a partnership. She trusts my instincts with the kids and doesn't push me aside. We are a true team.,Maternal Grace & Co-Parenting Teamwork,180
4,Things They Most Appreciate About Their Wife,Dr. Jay Belsky,Parenting Alliances and Marital Longevity,Academic Study,2006,A strong coparenting alliance—mutual support and shared authority—strengthens the romantic dyad against burnout.,Maternal Grace & Co-Parenting Teamwork,181
4,Things They Most Appreciate About Their Wife,Dr. Gary Chapman,Things I Wish I'd Known,Clinical Literature,2010,A wife who fosters a culture of respect for the father in front of the children earns his eternal gratitude.,Maternal Grace & Co-Parenting Teamwork,182
4,Things They Most Appreciate About Their Wife,Pew Research Center,Modern Fatherhood and Spousal Dynamics,Demographic Research,2019,Fathers who feel valued and supported by their wives in their parenting role report the highest levels of marriage satisfaction.,Maternal Grace & Co-Parenting Teamwork,183
4,Things They Most Appreciate About Their Wife,Dr. William Doherty,Take Back Your Kids,Clinical Literature,2000,"When mother and father stand united in parental decisions, the household flourishes and marital intimacy remains intact.",Maternal Grace & Co-Parenting Teamwork,184
4,Things They Most Appreciate About Their Wife,Dr. Emerson Eggerichs,Love & Respect,Clinical Literature,2004,A man craves respect as deeply as a woman craves love. A wife who genuinely admires his efforts and character earns his whole heart.,"Genuine Respect, Admiration & Affirmation",185
4,Things They Most Appreciate About Their Wife,Dr. John Gottman,The Seven Principles for Making Marriage Work,Academic Study,1999,The antidote to contempt is a culture of appreciation. Husbands in thriving marriages receive frequent unprompted affirmations.,"Genuine Respect, Admiration & Affirmation",186
4,Things They Most Appreciate About Their Wife,AskMen Marital Appreciation,What Keeps You Deeply Committed?,Retrospective Cohort,2020,"She makes me feel like a hero. Even when I feel like a failure at work, she tells me she believes in me. That keeps me going.","Genuine Respect, Admiration & Affirmation",187
4,Things They Most Appreciate About Their Wife,Karl Pillemer,30 Lessons for Loving,Longitudinal Survey,2015,Never stop complimenting each other. Elders noted that a wife who praised her husband's work and character built an unbreakable bond.,"Genuine Respect, Admiration & Affirmation",188
4,Things They Most Appreciate About Their Wife,Dr. Howard Markman,Fighting for Your Marriage,Academic Study,2001,Daily verbal validation and appreciation for his contributions is the single strongest buffer against male emotional withdrawal.,"Genuine Respect, Admiration & Affirmation",189
4,Things They Most Appreciate About Their Wife,Reddit r/AskMenOver40,What Does Your Wife Do That You Love Most?,Retrospective Cohort,2022,"She says 'thank you' for the mundane things—mowing the lawn, fixing the sink, taking out the trash. Being noticed is everything.","Genuine Respect, Admiration & Affirmation",190
4,Things They Most Appreciate About Their Wife,Institute for Family Studies,Culture of Respect in Strong Marriages,Academic Study,2023,Husbands who feel respected by their wives are twice as likely to report high sexual satisfaction and emotional closeness.,"Genuine Respect, Admiration & Affirmation",191
4,Things They Most Appreciate About Their Wife,Dr. Gary Chapman,The 5 Love Languages,Clinical Literature,1992,Words of affirmation from a wife unlock a man's intrinsic desire to serve and protect his family.,"Genuine Respect, Admiration & Affirmation",192
4,Things They Most Appreciate About Their Wife,James Sexton,How to Stay in Love,Clinical Literature,2018,Men don't leave marriages where they feel respected and wanted. They leave marriages where they feel like an incompetent nuisance.,"Genuine Respect, Admiration & Affirmation",193
4,Things They Most Appreciate About Their Wife,Karl Pillemer,30 Lessons for Loving,Longitudinal Survey,2015,"The ability to laugh together at the ridiculousness of life is what carries a couple through diaper blowouts, financial hits, and aging.","Playfulness, Humor & Shared Laughter",194
4,Things They Most Appreciate About Their Wife,Dr. John Gottman,What Makes Love Last?,Academic Study,2012,Humor and playfulness during daily routines keep the emotional bank account overflowing.,"Playfulness, Humor & Shared Laughter",195
4,Things They Most Appreciate About Their Wife,AskMen 20+ Year Cohort,The Secret Sauce of Marriage,Retrospective Cohort,2021,She is simply my best friend and the funniest person I know. We have 25 years of inside jokes that nobody else understands.,"Playfulness, Humor & Shared Laughter",196
4,Things They Most Appreciate About Their Wife,Robert Waldinger,Harvard Study of Adult Development,Academic Study,2023,"Couples who maintain a playful, self-ironic attitude toward each other's foibles show the lowest rates of chronic inflammation.","Playfulness, Humor & Shared Laughter",197
4,Things They Most Appreciate About Their Wife,Reddit r/Marriage,What Makes Your Marriage Fun?,Retrospective Cohort,2023,"She doesn't take herself too seriously. When everything goes wrong on a camping trip, she cracks a joke instead of crying.","Playfulness, Humor & Shared Laughter",198
4,Things They Most Appreciate About Their Wife,Dr. Dan Wile,After the Honeymoon,Clinical Literature,1993,Shared irony and affectionate teasing disarm hostility and transform potential fights into shared laughter.,"Playfulness, Humor & Shared Laughter",199
4,Things They Most Appreciate About Their Wife,Dr. Brad Wilcox,National Marriage Project,Academic Study,2024,Men prioritize fun and friendship in their wives; an enjoyable companion makes decades fly by like days.,"Playfulness, Humor & Shared Laughter",200
5,Most Annoying Things About Their Wife,Dr. John Gray,"Men Are from Mars, Women Are from Venus",Clinical Literature,1992,"Expecting a man to intuit what is wrong without stating it plainly: 'If you loved me, you would know why I am upset.'",Expectation of Emotional Mind-Reading,201
5,Most Annoying Things About Their Wife,AskMen Domestic Grievances Survey,What Drives You Craziest? (N=450),Retrospective Cohort,2021,"The 'I'm fine' when she is clearly seething, expecting me to decipher a 10-step psychological puzzle instead of just telling me.",Expectation of Emotional Mind-Reading,202
5,Most Annoying Things About Their Wife,Dr. Howard Markman,Fighting for Your Marriage,Academic Study,2001,Men express severe exasperation when wives use non-verbal sulking rather than explicit communication of needs.,Expectation of Emotional Mind-Reading,203
5,Most Annoying Things About Their Wife,Dr. Gary Chapman,Things I Wish I'd Known Before We Got Married,Clinical Literature,2010,The silent test: expecting him to remember subtle hints dropped three weeks ago and punishing him when he misses the cue.,Expectation of Emotional Mind-Reading,204
5,Most Annoying Things About Their Wife,Reddit r/AskMen,Happily Married Men: What Petty Thing Annoys You Most?,Retrospective Cohort,2022,"She expects me to read her mind. If you want me to do something, just ask directly! I love you, but I'm not telepathic.",Expectation of Emotional Mind-Reading,205
5,Most Annoying Things About Their Wife,Dr. Deborah Tannen,You Just Don't Understand: Women and Men in Conversation,Academic Study,1990,"Meta-messages vs direct requests: Men operate on direct reports, whereas wives often assume relational attunement implies clairvoyance.",Expectation of Emotional Mind-Reading,206
5,Most Annoying Things About Their Wife,James Sexton,How to Stay in Love,Clinical Literature,2018,"Setting covert expectations that a husband has no idea exist, and then convicting him of emotional neglect when he fails to meet them.",Expectation of Emotional Mind-Reading,207
5,Most Annoying Things About Their Wife,Dr. Terry Real,The New Rules of Marriage,Clinical Literature,2007,"Indirect communication patterns create a vicious loop: she hints, he misses, she resents, he feels attacked.",Expectation of Emotional Mind-Reading,208
5,Most Annoying Things About Their Wife,AskMen Marital Survey,Common Marital Irritants,Retrospective Cohort,2023,"The long sigh from the other room, followed by 'nothing' when asked what is wrong. It drives men up the wall.",Expectation of Emotional Mind-Reading,209
5,Most Annoying Things About Their Wife,Dr. William Doherty,Take Back Your Marriage,Clinical Literature,2001,Expecting the spouse to fulfill unarticulated emotional fantasies is a chronic source of avoidable domestic tension.,Expectation of Emotional Mind-Reading,210
5,Most Annoying Things About Their Wife,Reddit r/Marriage,Daily Annoyances in Good Marriages,Retrospective Cohort,2023,Asking 'do you notice anything different?' when she trimmed 2 millimeters off her hair. It's a landmine question every time.,Expectation of Emotional Mind-Reading,211
5,Most Annoying Things About Their Wife,Dr. John Gottman,The Seven Principles,Academic Study,1999,Harsh startup often begins when a wife builds up uncommunicated grievances until they detonate into an ambush.,Expectation of Emotional Mind-Reading,212
5,Most Annoying Things About Their Wife,Karl Pillemer,Cornell Marriage Project,Longitudinal Survey,2015,Elders: Husbands still complain after 50 years about having to guess what their wife is brooding about.,Expectation of Emotional Mind-Reading,213
5,Most Annoying Things About Their Wife,Sarah Allen & Alan Hawkins,Maternal Gatekeeping: Mothers' Beliefs and Behaviors that Inhibit Greater Father Involvement,Academic Study,1999,"Insisting on absolute control over household standards, then criticizing the specific way the husband executes the chore.",Maternal Gatekeeping & Domestic Micromanagement,214
5,Most Annoying Things About Their Wife,AskMen Survey,Husband Grievances on Domestic Labor,Retrospective Cohort,2020,"Asking me to fold the laundry, then refolding every single shirt right in front of me because I didn't do it her exact way.",Maternal Gatekeeping & Domestic Micromanagement,215
5,Most Annoying Things About Their Wife,Dr. Eve Rodsky,Fair Play,Clinical Literature,2019,"Gatekeeping and critique destroy male domestic agency: 'If you're going to inspect my work like a drill sergeant, do it yourself.'",Maternal Gatekeeping & Domestic Micromanagement,216
5,Most Annoying Things About Their Wife,Reddit r/AskMenOver40,Domestic Annoyances,Retrospective Cohort,2021,Passenger seat driving. She has her hand on the phantom brake and gasps every time a car 200 yards ahead taps their brake lights.,Maternal Gatekeeping & Domestic Micromanagement,217
5,Most Annoying Things About Their Wife,Pew Research Center,Chore Negotiation and Household Tension,Demographic Research,2017,Men report feeling demoralized when their domestic contributions are met with immediate corrective feedback rather than gratitude.,Maternal Gatekeeping & Domestic Micromanagement,218
5,Most Annoying Things About Their Wife,Karl Pillemer,30 Lessons for Loving,Longitudinal Survey,2015,"Elder husbands: 'There are three ways to do things: the wrong way, the right way, and my wife's way.'",Maternal Gatekeeping & Domestic Micromanagement,219
5,Most Annoying Things About Their Wife,AskMen Marital Cohort,20-Year Married Men on Daily Friction,Retrospective Cohort,2022,"Telling me how to dress the kids, how to load the dishwasher, and how to pack the car trunk. Just let me do it my way.",Maternal Gatekeeping & Domestic Micromanagement,220
5,Most Annoying Things About Their Wife,Dr. Brad Wilcox,Get Married,Academic Study,2024,"Excessive domestic surveillance by wives dampens husband initiative, leading to weaponized incompetence.",Maternal Gatekeeping & Domestic Micromanagement,221
5,Most Annoying Things About Their Wife,Reddit r/Daddit,Parenting Gatekeeping Grievances,Retrospective Cohort,2023,"She complains she does everything, but when I take over the kitchen, she hovers over my shoulder offering a running commentary.",Maternal Gatekeeping & Domestic Micromanagement,222
5,Most Annoying Things About Their Wife,Dr. William Doherty,Take Back Your Marriage,Clinical Literature,2001,The inability to relinquish control of the domestic process while demanding shared responsibility is a major irritant.,Maternal Gatekeeping & Domestic Micromanagement,223
5,Most Annoying Things About Their Wife,Terry Real,Us,Clinical Literature,2022,Controlling behavior disguised as 'just wanting it done properly' drives men into emotional withdrawal.,Maternal Gatekeeping & Domestic Micromanagement,224
5,Most Annoying Things About Their Wife,AskMen Survey,Daily Annoyances in Marriage,Retrospective Cohort,2021,The dinner decision vortex: 'What do you want to eat?' 'Anything.' 'Mexican?' 'No.' 'Burgers?' 'No.' 'Sushi?' 'No.' 'Then what?' 'I don't care.',Chronic Indecision & Logistics Abdication,225
5,Most Annoying Things About Their Wife,Reddit r/AskMen,The Most Universal Marital Irritant,Retrospective Cohort,2022,"She cannot make a decision about meals, paint colors, or weekend plans, but will veto every single suggestion I make.",Chronic Indecision & Logistics Abdication,226
5,Most Annoying Things About Their Wife,Karl Pillemer,Cornell Marriage Project,Longitudinal Survey,2015,Husbands universally complain about the paralysis of deciding where to spend vacations or what to watch on television.,Chronic Indecision & Logistics Abdication,227
5,Most Annoying Things About Their Wife,Dr. Dan Wile,After the Honeymoon,Clinical Literature,1993,Decision fatigue caused by one partner abdicating responsibility while retaining veto power creates chronic low-grade resentment.,Chronic Indecision & Logistics Abdication,228
5,Most Annoying Things About Their Wife,AskMen Over 40 Cohort,Marital Quirks and Annoyances,Retrospective Cohort,2020,Taking 45 minutes to get ready when we are already 15 minutes late for an event where nobody cares what we are wearing.,Chronic Indecision & Logistics Abdication,229
5,Most Annoying Things About Their Wife,Reddit r/Marriage,Funny But Infuriating Wife Habits,Retrospective Cohort,2023,"She asks for my advice on a problem, argues with me for 20 minutes about why my solution won't work, and then does it anyway a week later.",Chronic Indecision & Logistics Abdication,230
5,Most Annoying Things About Their Wife,Dr. Gary Chapman,Things I Wish I'd Known,Clinical Literature,2010,"The frustration of passive decision-making: delegating the outcome to the husband, but holding him accountable if it doesn't turn out perfect.",Chronic Indecision & Logistics Abdication,231
5,Most Annoying Things About Their Wife,James Sexton,How to Stay in Love,Clinical Literature,2018,Chronic logistical stalling and perpetual tardiness: disrespecting time communicates a subtle disregard for the partner's schedule.,Chronic Indecision & Logistics Abdication,232
5,Most Annoying Things About Their Wife,AskMen Marital Life Survey,Punctuality and Logistics,Retrospective Cohort,2022,Announcing she is 'putting her shoes on' when she hasn't even started drying her hair.,Chronic Indecision & Logistics Abdication,233
5,Most Annoying Things About Their Wife,Dr. Deborah Tannen,You Just Don't Understand,Academic Study,1990,"The venting trap: She unloads a 40-minute torrent of workplace problems, and when he offers a practical 2-step fix, she gets furious.",Venting Without Seeking Solutions,234
5,Most Annoying Things About Their Wife,Dr. John Gray,"Men Are from Mars, Women Are from Venus",Clinical Literature,1992,Men are wired to fix problems; being forced to sit and listen to solvable drama without permission to offer solutions feels like torture.,Venting Without Seeking Solutions,235
5,Most Annoying Things About Their Wife,AskMen Survey,Communication Mismatches,Retrospective Cohort,2021,Complaining about the same toxic coworker for 3 consecutive years while refusing to speak to HR or look for another role.,Venting Without Seeking Solutions,236
5,Most Annoying Things About Their Wife,Reddit r/AskMen,What Drains Your Energy Most?,Retrospective Cohort,2022,The daily emotional dump. I walk through the door and immediately get bombarded with negative gossip before I even take my coat off.,Venting Without Seeking Solutions,237
5,Most Annoying Things About Their Wife,Dr. Harriet Lerner,The Dance of Anger,Clinical Literature,1985,"Ventilation without resolution becomes chronic emotional contagion, where one partner offloads stress onto the other's nervous system.",Venting Without Seeking Solutions,238
5,Most Annoying Things About Their Wife,Dr. Howard Markman,Fighting for Your Marriage,Academic Study,2001,Men find repetitive unassisted venting exhausting when they are explicitly forbidden from problem-solving.,Venting Without Seeking Solutions,239
5,Most Annoying Things About Their Wife,Karl Pillemer,30 Lessons for Loving,Longitudinal Survey,2015,"Elders' humor: Learning to repeat 'That sounds awful, honey' for 50 years instead of offering common-sense engineering fixes.",Venting Without Seeking Solutions,240
5,Most Annoying Things About Their Wife,Reddit r/Marriage,Listening vs Fixing Tension,Retrospective Cohort,2023,"I understand empathy, but listening to the exact same self-inflicted drama every night with zero intent to fix it is maddening.",Venting Without Seeking Solutions,241
5,Most Annoying Things About Their Wife,Dr. Terry Real,The New Rules of Marriage,Clinical Literature,2007,Failure to distinguish between seeking empathy and using one's spouse as a psychological septic tank.,Venting Without Seeking Solutions,242
5,Most Annoying Things About Their Wife,AskMen Marital Annoyances,Physical Space & Clutter Friction,Retrospective Cohort,2020,"The infinite Amazon boxes, decorative throw pillows that serve no purpose, and half-empty shampoo bottles covering every shower ledge.",Domestic Clutter & Material Proliferation,243
5,Most Annoying Things About Their Wife,Reddit r/AskMen,Petty Grievances of Married Life,Retrospective Cohort,2022,"Throw pillows! You have to move 14 pillows off the bed just to sleep, and put them back in the morning. Why do they exist?!",Domestic Clutter & Material Proliferation,244
5,Most Annoying Things About Their Wife,UCLA Center on Everyday Lives of Families (CELF),Life at Home in the Twenty-First Century (Cortisol and Clutter),Academic Study,2012,"Domestic clutter proliferation is a documented source of marital stress, with husbands feeling squeezed out of their own living spaces.",Domestic Clutter & Material Proliferation,245
5,Most Annoying Things About Their Wife,AskMen Over 40 Cohort,Territoriality at Home,Retrospective Cohort,2021,"Having 90% of the bathroom counter space, the walk-in closet, and the garage shelves, while complaining that 'we need more storage.'",Domestic Clutter & Material Proliferation,246
5,Most Annoying Things About Their Wife,Karl Pillemer,Cornell Marriage Project,Longitudinal Survey,2015,Husbands report lifelong mild exasperation over the steady accumulation of decorative items and unfinished craft projects.,Domestic Clutter & Material Proliferation,247
5,Most Annoying Things About Their Wife,Reddit r/Marriage,Living Space Quirks,Retrospective Cohort,2023,"Leaving half-drunk cups of tea, iced coffee, and water glasses in every single room of the house like little liquid shrines.",Domestic Clutter & Material Proliferation,248
5,Most Annoying Things About Their Wife,Dr. William Doherty,Take Back Your Marriage,Clinical Literature,2001,Asymmetrical consumption and physical space dominance create subtle undercurrents of resentment regarding territorial ownership.,Domestic Clutter & Material Proliferation,249
5,Most Annoying Things About Their Wife,AskMen Survey,Men on Home Clutter,Retrospective Cohort,2023,"Starting massive room makeover projects on Saturday morning with zero warning, turning the entire house upside down.",Domestic Clutter & Material Proliferation,250
6,Things They Wish They Knew Before Marriage,Karl Pillemer,30 Lessons for Loving: Cornell Marriage Project,Longitudinal Survey,2015,The feeling of being 'in love' naturally waxes and wanes. Sustained marriage is not an unending emotion; it is an active daily decision.,"Love is a Continuous Discipline & Choice, Not a Permanent State",251
6,Things They Wish They Knew Before Marriage,Dr. M. Scott Peck,The Road Less Traveled: A New Psychology of Love,Clinical Literature,1978,Falling in love is an involuntary collapse of ego boundaries. Genuine love begins only when the initial euphoric feeling dies.,"Love is a Continuous Discipline & Choice, Not a Permanent State",252
6,Things They Wish They Knew Before Marriage,Dr. Gary Chapman,Things I Wish I'd Known Before We Got Married,Clinical Literature,2010,"The 'in love' experience lasts an average of two years. If you do not transition to deliberate, intentional love, your marriage will wither.","Love is a Continuous Discipline & Choice, Not a Permanent State",253
6,Things They Wish They Knew Before Marriage,Alain de Botton,The Course of Love,Philosophical / Clinical,2016,"We should not imagine love as an enthusiastic sentiment, but as a practical skill that requires constant education and forbearance.","Love is a Continuous Discipline & Choice, Not a Permanent State",254
6,Things They Wish They Knew Before Marriage,Dr. John Gottman,What Makes Love Last?,Academic Study,2012,"Trust and love are built in microscopic moments of attunement—listening to a boring story, making a cup of coffee—not grand romantic gestures.","Love is a Continuous Discipline & Choice, Not a Permanent State",255
6,Things They Wish They Knew Before Marriage,AskMen Marital Wisdom Survey,Things I Wish I Knew at 25 (N=400),Retrospective Cohort,2021,"There will be months where you don't even particularly like her, and she won't like you. You stay committed anyway, and the warmth returns.","Love is a Continuous Discipline & Choice, Not a Permanent State",256
6,Things They Wish They Knew Before Marriage,C.S. Lewis,Mere Christianity (On Christian Marriage),Philosophical Analysis,1952,Ceasing to be 'in love' need not mean ceasing to love. Love in this second sense is not merely a feeling; it is a deep unity maintained by the will.,"Love is a Continuous Discipline & Choice, Not a Permanent State",257
6,Things They Wish They Knew Before Marriage,Dr. David Schnarch,Intimacy & Desire,Clinical Literature,2009,Normal marital cycles include cold periods. Panic during low-desire phases destroys marriages that were merely experiencing natural winter.,"Love is a Continuous Discipline & Choice, Not a Permanent State",258
6,Things They Wish They Knew Before Marriage,Reddit r/AskMenOver50,What Every Young Man Needs to Know About Marriage,Retrospective Cohort,2022,Commitment means staying in the room when the butterflies have died and the mortgage and sick kids have arrived. That is where real honor lives.,"Love is a Continuous Discipline & Choice, Not a Permanent State",259
6,Things They Wish They Knew Before Marriage,Dr. Howard Markman,Fighting for Your Marriage,Academic Study,2001,Dedication commitment—believing in the long-term future together—trumps constraint commitment every single time.,"Love is a Continuous Discipline & Choice, Not a Permanent State",260
6,Things They Wish They Knew Before Marriage,Robert Waldinger,The Good Life,Academic Study,2023,"Enduring relationships require 'social fitness'—continuous, deliberate reps of kindness and listening over decades.","Love is a Continuous Discipline & Choice, Not a Permanent State",261
6,Things They Wish They Knew Before Marriage,Dr. Sue Johnson,Hold Me Tight,Clinical Literature,2008,Love is an ongoing dialogue of vulnerability. You do not just 'fall' into it; you constantly rebuild the bridge.,"Love is a Continuous Discipline & Choice, Not a Permanent State",262
6,Things They Wish They Knew Before Marriage,James Sexton,How to Stay in Love,Clinical Literature,2018,"Marriage is not a diploma you hang on the wall; it is a gym membership. If you stop working out, the muscles atrophy immediately.","Love is a Continuous Discipline & Choice, Not a Permanent State",263
6,Things They Wish They Knew Before Marriage,Dr. Carolyn Pape Cowan & Dr. Philip Cowan,When Partners Become Parents: The Big Life Change for Couples,Academic Study,1992,Nearly 50% of couples experience a severe drop in marital satisfaction in the first two years following the birth of their first child.,The Radical Strain of Early Parenthood on Marital Intimacy,264
6,Things They Wish They Knew Before Marriage,Dr. John Gottman,And Baby Makes Three: The Six-Step Plan for Preserving Marital Intimacy,Academic Study,2007,67% of new parents experience a precipitous drop in marital quality. Fathers feel sidelined; mothers feel overwhelmed and touch-deprived.,The Radical Strain of Early Parenthood on Marital Intimacy,265
6,Things They Wish They Knew Before Marriage,AskMen Fatherhood Retrospective,What Surprised You Most About Marriage After Kids?,Retrospective Cohort,2020,"Nobody warned me that having a baby turns you from lovers into co-CEOs of a chaotic, sleep-deprived startup company.",The Radical Strain of Early Parenthood on Marital Intimacy,266
6,Things They Wish They Knew Before Marriage,Dr. Jay Belsky,The Transition to Fatherhood: Longitudinal Trajectories,Academic Study,1985,The sudden reallocation of emotional and physical energy to the infant leaves many husbands feeling completely invisible.,The Radical Strain of Early Parenthood on Marital Intimacy,267
6,Things They Wish They Knew Before Marriage,Reddit r/Daddit & r/Marriage,Men on the Post-Baby Reality,Retrospective Cohort,2022,"I wish I knew that for the first 2 years, your marriage is in survival mode. You cannot judge your long-term connection by the diaper trench.",The Radical Strain of Early Parenthood on Marital Intimacy,268
6,Things They Wish They Knew Before Marriage,Karl Pillemer,30 Lessons for Loving,Longitudinal Survey,2015,Elders' unanimous advice: Do not sacrifice the spousal dyad for the children. The greatest gift you give your kids is a parents' loving marriage.,The Radical Strain of Early Parenthood on Marital Intimacy,269
6,Things They Wish They Knew Before Marriage,Pew Research Center,Parenting Stress and Marital Health,Demographic Research,2019,Sleep deprivation and asymmetric childcare burdens account for over 60% of explosive arguments in years 1 to 5 of parenthood.,The Radical Strain of Early Parenthood on Marital Intimacy,270
6,Things They Wish They Knew Before Marriage,Dr. Brad Wilcox,Get Married,Academic Study,2024,Couples who deliberately schedule weekly date nights and protect their bedroom during the toddler years survive with high satisfaction.,The Radical Strain of Early Parenthood on Marital Intimacy,271
6,Things They Wish They Knew Before Marriage,James Sexton,How to Stay in Love,Clinical Literature,2018,Divorce lawyers see an avalanche of filings when kids hit age 3 and age 18—the moments when couples realize they let the romance starve.,The Radical Strain of Early Parenthood on Marital Intimacy,272
6,Things They Wish They Knew Before Marriage,Terry Real,Us: Clinical Couples Therapy,Clinical Literature,2022,Child-centric homes produce anxious children and divorced parents. Keep the marriage at the epicenter.,The Radical Strain of Early Parenthood on Marital Intimacy,273
6,Things They Wish They Knew Before Marriage,James Sexton,How to Stay in Love,Clinical Literature,2018,"Marriage is an amplifier, not a disinfectant. Whatever dysfunction exists during dating—anxiety, drinking, spending—explodes under cohabitation.",Marriage Amplifies Underlying Flaws Rather Than Curing Them,274
6,Things They Wish They Knew Before Marriage,Dr. Gary Chapman,Things I Wish I'd Known,Clinical Literature,2010,Marriage does not change a person; it simply gives their existing personality traits a permanent stage to operate upon.,Marriage Amplifies Underlying Flaws Rather Than Curing Them,275
6,Things They Wish They Knew Before Marriage,AskMen Marital Lessons,Things I Wish I Understood Before I Proposed,Retrospective Cohort,2021,"If she is financially reckless at 26, she will be financially reckless at 46 with larger numbers. Marriage doesn't mature people automatically.",Marriage Amplifies Underlying Flaws Rather Than Curing Them,276
6,Things They Wish They Knew Before Marriage,Karl Pillemer,30 Lessons for Loving,Longitudinal Survey,2015,Do not enter marriage believing you will reshape your partner. You have zero control over another adult's character growth.,Marriage Amplifies Underlying Flaws Rather Than Curing Them,277
6,Things They Wish They Knew Before Marriage,Dr. Paul Amato,Divorce in America,Academic Study,2010,Premarital conflict patterns persist with remarkable consistency throughout the entire lifespan of the marriage.,Marriage Amplifies Underlying Flaws Rather Than Curing Them,278
6,Things They Wish They Knew Before Marriage,Reddit r/AskMen,Hard Truths About Marriage,Retrospective Cohort,2022,I thought getting married would make her feel secure and stop her jealousy. It actually made her more territorial and suspicious.,Marriage Amplifies Underlying Flaws Rather Than Curing Them,279
6,Things They Wish They Knew Before Marriage,Dr. William Doherty,Take Back Your Marriage,Clinical Literature,2001,Cohabitation and domestic routine strip away all defensive facades; who a person truly is will dominate every square foot of the home.,Marriage Amplifies Underlying Flaws Rather Than Curing Them,280
6,Things They Wish They Knew Before Marriage,Alain de Botton,The Course of Love,Philosophical / Clinical,2016,"We marry thinking our spouse will complete our broken parts; instead, our neuroses collide with theirs in an unpredictable explosion.",Marriage Amplifies Underlying Flaws Rather Than Curing Them,281
6,Things They Wish They Knew Before Marriage,Dr. Stan Tatkin,Wired for Love,Clinical Literature,2012,Insecure attachment strategies become entrenched under the pressure of shared mortgages and legal entanglement.,Marriage Amplifies Underlying Flaws Rather Than Curing Them,282
6,Things They Wish They Knew Before Marriage,Nicole Sodoma,Please Don't Say You're Sorry,Clinical Literature,2022,The exact quirky habit that annoyed you slightly while dating will be the exact reason you cite in divorce court 10 years later.,Marriage Amplifies Underlying Flaws Rather Than Curing Them,283
6,Things They Wish They Knew Before Marriage,Dr. John Gottman,The Seven Principles for Making Marriage Work,Academic Study,1999,69% of relationship conflicts are perpetual and unresolvable. Success depends entirely on managing them with dialogue instead of gridlock.,Conflict is Inevitable; De-Escalation & Repair are Everything,284
6,Things They Wish They Knew Before Marriage,Karl Pillemer,30 Lessons for Loving,Longitudinal Survey,2015,Elders: It's not about finding someone you never fight with. It's about finding someone you fight fairly with and forgive quickly.,Conflict is Inevitable; De-Escalation & Repair are Everything,285
6,Things They Wish They Knew Before Marriage,Dr. Howard Markman,Fighting for Your Marriage,Academic Study,2001,The presence of conflict does not predict divorce; the escalation of negative reciprocity and lack of repair does.,Conflict is Inevitable; De-Escalation & Repair are Everything,286
6,Things They Wish They Knew Before Marriage,AskMen Long-Term Marriages,Lessons on Marital Arguments,Retrospective Cohort,2020,"You can be right, or you can be married. Winning an argument against your wife means you have created a loser who now sleeps next to you.",Conflict is Inevitable; De-Escalation & Repair are Everything,287
6,Things They Wish They Knew Before Marriage,Dr. Dan Wile,After the Honeymoon,Clinical Literature,1993,"Attacking your partner's character during conflict is suicidal for a relationship. Complain about the action, never the person.",Conflict is Inevitable; De-Escalation & Repair are Everything,288
6,Things They Wish They Knew Before Marriage,Reddit r/Marriage,Best Advice for Young Men Getting Married,Retrospective Cohort,2023,Learn how to apologize sincerely without adding 'but you did this.' A clean apology is the ultimate marital shock absorber.,Conflict is Inevitable; De-Escalation & Repair are Everything,289
6,Things They Wish They Knew Before Marriage,Dr. Harriet Lerner,The Dance of Anger,Clinical Literature,1985,De-escalation requires courage to step out of circular blame loops and regulate your own emotional reactivity.,Conflict is Inevitable; De-Escalation & Repair are Everything,290
6,Things They Wish They Knew Before Marriage,Terry Real,Us: Getting Past You and Me,Clinical Literature,2022,"There is no winning in a relational system. If one part of the system loses, the whole system suffers.",Conflict is Inevitable; De-Escalation & Repair are Everything,291
6,Things They Wish They Knew Before Marriage,Dr. Sue Johnson,Hold Me Tight,Clinical Literature,2008,"Underneath anger in marital disputes is almost always fear of abandonment or feeling unvalued. Address the fear, not the rage.",Conflict is Inevitable; De-Escalation & Repair are Everything,292
6,Things They Wish They Knew Before Marriage,Dr. Gary Chapman,Things I Wish I'd Known Before We Got Married,Clinical Literature,2010,"You never marry an isolated individual. You marry her parents, siblings, holiday traditions, and generational trauma.",You Marry the Whole Family & Cultural Ecosystem,293
6,Things They Wish They Knew Before Marriage,Karl Pillemer,30 Lessons for Loving,Longitudinal Survey,2015,Elders' warning: Do not underestimate in-laws. Their expectations and criticisms will reverberate through every major life milestone.,You Marry the Whole Family & Cultural Ecosystem,294
6,Things They Wish They Knew Before Marriage,AskMen Marital Survey,In-Law Lessons,Retrospective Cohort,2021,"I wish I knew that her family's unspoken rules on money, holidays, and politics would cause 80% of our holiday stress.",You Marry the Whole Family & Cultural Ecosystem,295
6,Things They Wish They Knew Before Marriage,Dr. Harville Hendrix,Getting the Love You Want,Clinical Literature,1988,Childhood family dynamics are the hidden blueprint for marital expectations. Study her parents' marriage to understand her defaults.,You Marry the Whole Family & Cultural Ecosystem,296
6,Things They Wish They Knew Before Marriage,James Sexton,How to Stay in Love,Clinical Literature,2018,"Look at how her father treats her mother, and how she treats her father. That is the subconscious script she is carrying into your home.",You Marry the Whole Family & Cultural Ecosystem,297
6,Things They Wish They Knew Before Marriage,Reddit r/AskMen,Hard-Learned Lessons on Marriage,Retrospective Cohort,2022,"Her family will be in your life forever. If they are toxic, demanding, or disrespectful to you, you will pay that tax for 40 years.",You Marry the Whole Family & Cultural Ecosystem,298
6,Things They Wish They Knew Before Marriage,Dr. Brad Wilcox,Get Married,Academic Study,2024,Marital longevity is heavily influenced by the social capital and stability of the extended family network.,You Marry the Whole Family & Cultural Ecosystem,299
6,Things They Wish They Knew Before Marriage,Dr. William Doherty,Take Back Your Marriage,Clinical Literature,2001,Establishing a firm perimeter around the nuclear family against intrusive in-laws is essential for marital autonomy.,You Marry the Whole Family & Cultural Ecosystem,300
